[{"name":"12v Battery charger with auto cut off, using UPS Transformer","url":"https:\/\/youtu.be\/H-l3HbK5TZo"},{"name":"Satisfyhost.com","url":"https:\/\/my.satisfyhost.com\/order\/domain"},{"name":"ICC Portal","url":"http:\/\/portal.iccbd.com"},{"name":"Gmail Log Out \u2605","url":"https:\/\/accounts.google.com\/Logout?ec=GAdAwAE&amp;amp;hl=en"},{"name":"Grameenphone Portal","url":"http:\/\/grameenphone.portal.ncnd.mobi\/nc"},{"name":"Url Shortner, is.gd","url":"https:\/\/is.gd"},{"name":"\u0996\u09a4\u09bf\u09df\u09be\u09a8 \u09a1\u09be\u0989\u09a8\u09b2\u09cb\u09a1","url":"https:\/\/dlrms.land.gov.bd","timestamp":1745683802},{"name":"\u09ac\u09bf\u09a7\u09ac\u09be \u09ad\u09be\u09a4\u09be","url":"https:\/\/dss.bhata.gov.bd\/online-Application"},{"name":"File Upload","url":"https:\/\/www.sscraj.com\/cv\/files\/files\/upload.php","timestamp":1745690281},{"name":"Shotting Online Game 2","url":"https:\/\/venge.io\/"},{"name":"Free Project Video","url":"https:\/\/mixkit.co\/"},{"name":"Shotting Game 1","url":"https:\/\/ev.io\/"},{"name":"NCTB Book \u09ae\u09be\u09a7\u09cd\u09af\u09ae\u09bf\u0995 \u09b8\u09cd\u09a4\u09b0 \u0993 \u0989\u099a\u09cd\u099a \u09ae\u09be\u09a7\u09cd\u09af\u09ae\u09bf\u0995","url":"https:\/\/nctb.portal.gov.bd\/site\/page\/07ed46a6-0a64-4b75-9bd1-135e45d586bc"},{"name":"\u0986\u09df\u0995\u09b0 \u09b0\u09bf\u099f\u09be\u09b0\u09cd\u09a8 \u0985\u09a8\u09b2\u09be\u0987\u09a8\u09c7 - \u09b8\u099e\u09cd\u099a\u09df\u09aa\u09a4\u09cd\u09b0","url":"https:\/\/m.youtube.com\/watch?v=BU7qeP14ReQ","timestamp":1745664322},{"name":"Shutterstock Downloader","url":"https:\/\/steptodown.com","timestamp":1745664274},{"name":"BANGLA GTA VICE CITY .zip","url":"https:\/\/mega.nz\/file\/4dMzAYzK#vTfqIedStm75AelUF-9E7MHudDF3N1DbWgg715aT4d8"}]